Symbol,Series,Date,Prev Close,Open Price,High Price,Low Price,Last Price,Close Price,Average Price,Total Traded Quantity,Turnover,No. of Trades,Deliverable Qty,% Dly Qt to Traded Qty
TCS,EQ,1-Jan-15,2558.25,2567,2567,2541,2550,2545.55,2548.51,183415,467434456.2,8002,52870,28.83
TCS,EQ,2-Jan-15,2545.55,2551,2590.95,2550.6,2588.4,2579.45,2568.19,462870,1188740110,27585,309350,66.83
TCS,EQ,5-Jan-15,2579.45,2581,2599.9,2524.65,2538.1,2540.25,2563.94,877121,2248885541,43234,456728,52.07
TCS,EQ,6-Jan-15,2540.25,2529.1,2529.1,2440,2450.05,2446.6,2466.9,1211892,2989615356,84503,714306,58.94
TCS,EQ,7-Jan-15,2446.6,2470,2479.15,2407.45,2426.9,2417.7,2433.96,1318166,3208362462,101741,886368,67.24
TCS,EQ,8-Jan-15,2417.7,2442.4,2449,2420.55,2446,2443.8,2434.81,782704,1905739345,47699,450768,57.59
TCS,EQ,9-Jan-15,2443.8,2455,2519.9,2450,2510,2512.3,2490.01,1598821,3981082206,81743,865777,54.15
TCS,EQ,12-Jan-15,2512.3,2517,2528,2480.25,2527.95,2509.7,2497.82,798003,1993265997,58810,451228,56.54
TCS,EQ,13-Jan-15,2509.7,2520,2530.4,2480.1,2498,2497.9,2509.4,734216,1842440373,49993,386133,52.59
TCS,EQ,14-Jan-15,2497.9,2516,2531.8,2500.5,2525.05,2521.95,2517.54,893548,2249546196,69237,498193,55.75
TCS,EQ,15-Jan-15,2521.95,2533,2581.75,2523.25,2542.05,2539.1,2550.97,2504960,6390076185,96363,1598846,63.83
TCS,EQ,16-Jan-15,2539.1,2543.7,2545,2484.3,2526,2532.15,2511.39,2646915,6647444421,127847,1372200,51.84
TCS,EQ,19-Jan-15,2532.15,2536,2551,2503,2509,2511,2516.06,567537,1427954312,38860,309156,54.47
TCS,EQ,20-Jan-15,2511,2520,2530,2483.25,2498,2500.45,2498.94,1029283,2572121221,58066,733487,71.26
TCS,EQ,21-Jan-15,2500.45,2522,2522,2488.25,2518,2513.8,2507.75,1155240,2897054576,75976,771316,66.77
TCS,EQ,22-Jan-15,2513.8,2516.5,2521.25,2495.5,2511,2513.55,2509.31,1056607,2651354603,74837,742399,70.26
TCS,EQ,23-Jan-15,2513.55,2514,2532.05,2496.1,2504.1,2503.6,2507.34,1575190,3949529683,94619,1205911,76.56
TCS,EQ,27-Jan-15,2503.6,2512.35,2515,2489.55,2504.2,2502.05,2502.26,1369368,3426510288,71406,1079233,78.81
TCS,EQ,28-Jan-15,2502.05,2503,2544.9,2502.9,2533.4,2539.6,2529.32,1560990,3948240029,101994,1142166,73.17
TCS,EQ,29-Jan-15,2539.6,2538,2568.7,2512.9,2560.7,2544.65,2531.88,1867196,4727519892,67497,1547590,82.88
TCS,EQ,30-Jan-15,2544.65,2560.7,2575,2470,2484,2482.05,2494.94,2908701,7257025449,119200,2355497,80.98
TCS,EQ,2-Feb-15,2482.05,2482,2521.45,2462.05,2516,2514.2,2500.6,1590901,3978210628,89485,1171718,73.65
TCS,EQ,3-Feb-15,2514.2,2511.65,2565,2507.1,2552.25,2558.25,2536.23,1172527,2973793377,75106,701449,59.82
TCS,EQ,4-Feb-15,2558.25,2568,2571.7,2502.1,2514.95,2514.3,2523.08,1122709,2832686627,60615,807091,71.89
TCS,EQ,5-Feb-15,2514.3,2520,2591.7,2519,2553,2552.4,2558.13,2265084,5794386346,77935,1638106,72.32
TCS,EQ,6-Feb-15,2552.4,2553,2594.8,2550.85,2576.1,2575.75,2578.4,1068208,2754264729,82449,582019,54.49
TCS,EQ,9-Feb-15,2575.75,2561.5,2569.1,2500,2512,2512.9,2531.83,1038216,2628585065,72967,695542,66.99
TCS,EQ,10-Feb-15,2512.9,2510,2526.25,2433,2445.5,2441.15,2473.88,1899527,4699201091,114773,1383973,72.86
TCS,EQ,11-Feb-15,2441.15,2455.05,2487.25,2447.25,2460,2459.9,2468.94,1468761,3626283023,115345,1143243,77.84
TCS,EQ,12-Feb-15,2459.9,2479.8,2479.8,2447,2469,2462.15,2462.56,1553990,3826786521,113845,1269759,81.71
TCS,EQ,13-Feb-15,2462.15,2470,2547.75,2460.25,2540,2538.75,2508.49,2079163,5215563170,132132,1521051,73.16
TCS,EQ,16-Feb-15,2538.75,2560,2595,2555,2581.7,2584.8,2576.98,1182196,3046491822,82111,831991,70.38
TCS,EQ,18-Feb-15,2584.8,2585.05,2643,2565.25,2640,2635.65,2605.04,1330007,3464715998,70475,792678,59.6
TCS,EQ,19-Feb-15,2635.65,2636,2687.3,2635,2674.55,2681.05,2660.47,1309001,3482564216,80730,831048,63.49
TCS,EQ,20-Feb-15,2681.05,2698.8,2698.8,2642.25,2664.65,2675.55,2672.56,900794,2407423105,43830,537225,59.64
TCS,EQ,23-Feb-15,2675.55,2671,2722,2671,2700,2696.65,2701.93,807446,2181659977,47641,362669,44.92
TCS,EQ,24-Feb-15,2696.65,2694,2730,2679,2699.35,2704.75,2709.36,1099961,2980186374,46480,685771,62.35
TCS,EQ,25-Feb-15,2704.75,2710,2722,2667.85,2669.7,2672.2,2694.16,883997,2381629634,43048,546944,61.87
TCS,EQ,26-Feb-15,2672.2,2679,2692.75,2625.35,2649.5,2656.45,2655.31,995997,2644680139,56829,565254,56.75
TCS,EQ,27-Feb-15,2656.45,2659.45,2675.75,2616.3,2668,2662.35,2647.84,1438688,3809421137,74413,1003079,69.72
TCS,EQ,28-Feb-15,2662.35,2677,2687.1,2643,2679.55,2675.25,2668.12,589498,1572848977,30189,271598,46.07
TCS,EQ,2-Mar-15,2675.25,2679.7,2708.95,2652.55,2673.95,2669.4,2664.97,1088019,2899536307,64343,770649,70.83
TCS,EQ,3-Mar-15,2669.4,2682,2790,2676.15,2785.1,2776,2748.34,1712154,4705576547,74770,1068918,62.43
TCS,EQ,4-Mar-15,2776,2788,2812.1,2715.65,2740,2746,2763.04,1931497,5336806165,71983,1405748,72.78
TCS,EQ,5-Mar-15,2746,2750,2770.7,2681.05,2690.1,2696.45,2713.59,1086757,2949013378,45126,677138,62.31
TCS,EQ,9-Mar-15,2696.45,2640,2679.8,2610,2649,2646.8,2647.72,1441587,3816922361,64488,864858,59.99
TCS,EQ,10-Mar-15,2646.8,2648.9,2678.25,2595.25,2638.85,2642.7,2632.78,1518526,3997941405,89030,910422,59.95
TCS,EQ,11-Mar-15,2642.7,2642,2659.95,2597.8,2605.15,2606.55,2622.9,1120100,2937908676,52147,616835,55.07
TCS,EQ,12-Mar-15,2606.55,2623.9,2624.9,2590.1,2618.2,2619.05,2606.76,913818,2382100178,62767,582972,63.8
TCS,EQ,13-Mar-15,2619.05,2638,2639.95,2575,2585,2582.35,2594.75,793419,2058721257,67541,481480,60.68
TCS,EQ,16-Mar-15,2582.35,2585.2,2610,2552,2560.6,2562.3,2579.88,778148,2007532253,44209,484279,62.23
TCS,EQ,17-Mar-15,2562.3,2582.5,2606.7,2557.75,2583.65,2583.7,2582.66,633659,1636526939,56639,368300,58.12
TCS,EQ,18-Mar-15,2583.7,2590.95,2599.45,2551.7,2556,2559.35,2561.86,627585,1607785039,38991,364010,58
TCS,EQ,19-Mar-15,2559.35,2576,2605.85,2568.1,2602,2596.25,2596.45,1224482,3179303472,71701,888461,72.56
TCS,EQ,20-Mar-15,2596.25,2596,2618,2578.85,2610.85,2610.95,2608.5,981954,2561422702,74415,714293,72.74
TCS,EQ,23-Mar-15,2610.95,2616,2631,2606,2616,2617.15,2616.73,783304,2049695322,59518,575211,73.43
TCS,EQ,24-Mar-15,2617.15,2630,2637,2582.1,2600,2591.3,2617.59,1197439,3134409333,58016,848633,70.87
TCS,EQ,25-Mar-15,2591.3,2591.4,2614,2545.2,2569.85,2573.75,2575.29,1112429,2864826904,75792,825133,74.17
TCS,EQ,26-Mar-15,2573.75,2553.3,2586.7,2501,2515,2513.1,2535.65,1545821,3919665457,82115,1110655,71.85
TCS,EQ,27-Mar-15,2513.1,2531,2571.9,2504.1,2519.9,2514.8,2536.73,1375888,3490257168,76990,947653,68.88
TCS,EQ,30-Mar-15,2514.8,2525,2569.9,2520,2554.2,2564.15,2546.18,669503,1704674648,64141,461568,68.94
TCS,EQ,31-Mar-15,2564.15,2569.45,2569.45,2521,2560,2553.95,2548.15,1213514,3092215332,88908,862309,71.06
TCS,EQ,1-Apr-15,2553.95,2558,2563.6,2522.25,2544.05,2542.65,2538.81,1037879,2634981317,54078,784911,75.63
TCS,EQ,6-Apr-15,2542.65,2558,2562.9,2500.1,2548.3,2547.3,2531.53,784271,1985404797,45408,485665,61.93
TCS,EQ,7-Apr-15,2547.3,2562.45,2599,2544,2588.95,2585,2571.5,943461,2426111369,77106,562689,59.64
TCS,EQ,8-Apr-15,2585,2594,2656.5,2590.85,2646,2641.4,2632,826067,2174208279,61358,496296,60.08
TCS,EQ,9-Apr-15,2641.4,2659,2687.45,2635.15,2662.6,2664.55,2658.35,1272225,3382017715,62583,902143,70.91
TCS,EQ,10-Apr-15,2664.55,2648.5,2670.8,2628,2651.1,2653.75,2648.39,907772,2404135143,63471,625228,68.88
TCS,EQ,13-Apr-15,2653.75,2664,2665,2628,2653.85,2655.5,2650.09,654321,1734011442,54293,451036,68.93
TCS,EQ,15-Apr-15,2655.5,2654.7,2713.9,2609.4,2618.95,2627.75,2646.26,1456967,3855513025,74856,927588,63.67
TCS,EQ,16-Apr-15,2627.75,2626.95,2627,2571.35,2574,2582.8,2589.79,1608785,4166416079,71768,1002627,62.32
TCS,EQ,17-Apr-15,2582.8,2557.1,2560,2470,2473.9,2474.85,2495.54,4834371,12064349823,167402,2989132,61.83
TCS,EQ,20-Apr-15,2474.85,2480.05,2483.9,2424.85,2426,2428.8,2439.46,1445361,3525902674,84591,916671,63.42
TCS,EQ,21-Apr-15,2428.8,2428.8,2452,2401,2427.05,2427.05,2430.81,1273016,3094465305,83843,816116,64.11
TCS,EQ,22-Apr-15,2427.05,2431.5,2473,2407.55,2470.6,2445.1,2428.26,2093406,5083342117,101821,1643446,78.51
TCS,EQ,23-Apr-15,2445.1,2472,2479.8,2431.7,2455,2457.25,2460.81,2171495,5343637554,80541,1743765,80.3
TCS,EQ,24-Apr-15,2457.25,2455.3,2514,2447.55,2509.6,2493.05,2488.25,1812579,4510146388,130453,1306431,72.08
TCS,EQ,27-Apr-15,2493.05,2499.5,2520,2486,2500,2500.2,2501.44,1366526,3418280028,81966,986807,72.21
TCS,EQ,28-Apr-15,2500.2,2510,2510,2455.1,2493,2495,2477.16,1544149,3825105916,128979,1197833,77.57
TCS,EQ,29-Apr-15,2495,2484,2495,2451.05,2481,2487.3,2472.31,1009810,2496559485,100184,626278,62.02
TCS,EQ,30-Apr-15,2487.3,2480,2490,2427.1,2476,2463.7,2461.06,1869027,4599778449,101021,1353129,72.4
TCS,EQ,4-May-15,2463.7,2491,2504.8,2457.2,2482.25,2481.55,2476.14,945315,2340736972,83359,655734,69.37
TCS,EQ,5-May-15,2481.55,2501,2536.45,2500,2519,2517.85,2518.94,1627535,4099661485,69702,1015019,62.37
TCS,EQ,6-May-15,2517.85,2515,2515,2455.8,2463,2463.05,2468.46,1697203,4189477162,97392,1156742,68.16
TCS,EQ,7-May-15,2463.05,2464.9,2553.75,2453.7,2550,2545.25,2522.63,1602514,4042557510,63417,1086092,67.77
TCS,EQ,8-May-15,2545.25,2560,2588,2516.3,2530,2527.25,2552.07,1501832,3832785395,53709,1023782,68.17
TCS,EQ,11-May-15,2527.25,2535,2563.05,2525,2559,2556,2550.07,1286541,3280765489,73023,931788,72.43
TCS,EQ,12-May-15,2556,2560,2565,2513,2523.95,2522.9,2524.91,1233693,3114957843,71964,949366,76.95
TCS,EQ,13-May-15,2522.9,2547,2547,2480.45,2523.1,2515.4,2510.43,931887,2339441725,53692,473256,50.78
TCS,EQ,14-May-15,2515.4,2520,2520,2485,2499,2499.25,2495.09,654525,1633096281,40174,381895,58.35
TCS,EQ,15-May-15,2499.25,2515,2532.4,2501,2511,2511.15,2512.17,730727,1835713057,32934,515976,70.61
TCS,EQ,18-May-15,2511.15,2514.1,2525.25,2497.1,2515.15,2520.4,2505.41,2253876,5646890603,50845,2006146,89.01
TCS,EQ,19-May-15,2520.4,2519.4,2530,2496.75,2512,2512.7,2511.97,978861,2458873706,37527,686093,70.09
TCS,EQ,20-May-15,2512.7,2520,2569.9,2516.9,2557,2557.05,2550.08,948907,2419790058,41995,571725,60.25
TCS,EQ,21-May-15,2557.05,2557,2580,2548.15,2551.9,2555.5,2565.83,789789,2026463608,40459,563782,71.38
TCS,EQ,22-May-15,2555.5,2550,2628.75,2539.25,2621.8,2617.9,2594.64,1345816,3491905915,52428,992008,73.71
TCS,EQ,25-May-15,2617.9,2620,2636.9,2585.7,2600.05,2601,2606.03,491489,1280833582,30375,263444,53.6
TCS,EQ,26-May-15,2601,2605,2623.25,2588.9,2614.95,2608.85,2610.17,980870,2560241038,34315,705361,71.91
TCS,EQ,27-May-15,2608.85,2608,2633.15,2592,2610,2615.25,2615.75,810345,2119662471,50501,600904,74.15
TCS,EQ,28-May-15,2615.25,2603.9,2623,2582.25,2615.9,2609.5,2606.6,1381804,3601809692,52267,1070716,77.49
TCS,EQ,29-May-15,2609.5,2617,2648.6,2597.25,2621.55,2610.3,2614.52,2211766,5782695515,83932,1686200,76.24
TCS,EQ,1-Jun-15,2610.3,2609.45,2647.1,2608.35,2615.2,2617.75,2622.43,441132,1156839898,35794,251151,56.93
TCS,EQ,2-Jun-15,2617.75,2616,2630,2590.5,2605,2599.9,2605.54,1967910,5127471871,54815,1605076,81.56
TCS,EQ,3-Jun-15,2599.9,2604,2625.6,2590.5,2612,2610.9,2611.6,902342,2356551997,41440,635538,70.43
TCS,EQ,4-Jun-15,2610.9,2617.1,2622.8,2588.5,2600.2,2605.65,2606.81,2065734,5384974460,44653,1816025,87.91
TCS,EQ,5-Jun-15,2605.65,2592,2609,2570,2577.5,2575.85,2583.52,1154267,2982066458,52168,848596,73.52
TCS,EQ,8-Jun-15,2575.85,2590,2590,2561.65,2580,2577.45,2576.28,785160,2022788959,62168,543370,69.21
TCS,EQ,9-Jun-15,2577.45,2585,2590,2551,2561.95,2561.65,2574.52,1289457,3319735633,63744,1099487,85.27
TCS,EQ,10-Jun-15,2561.65,2566,2610,2563.8,2600,2600.75,2586.57,1381675,3573803308,42817,1122720,81.26
TCS,EQ,11-Jun-15,2600.75,2605.5,2613,2556.75,2564.25,2571.3,2585.02,923668,2387698130,37803,658949,71.34
TCS,EQ,12-Jun-15,2571.3,2571.9,2588.95,2476.8,2520,2505.8,2526.7,1285728,3248652194,80056,700457,54.48
TCS,EQ,15-Jun-15,2505.8,2505.3,2520.45,2481,2509.5,2504.8,2503.06,1262588,3160335340,57691,1008687,79.89
TCS,EQ,16-Jun-15,2504.8,2500,2519.3,2494.45,2508,2512,2510.7,633698,1591026187,41162,481883,76.04
TCS,EQ,17-Jun-15,2512,2521,2529.15,2501.8,2512,2513.8,2516.05,987860,2485504053,88734,698348,70.69
TCS,EQ,18-Jun-15,2513.8,2515,2546.3,2508,2522,2530.05,2533.09,1082523,2742123536,83019,764949,70.66
TCS,EQ,19-Jun-15,2530.05,2535,2555,2527.1,2550,2549.55,2546.79,999805,2546296338,50051,769320,76.95
TCS,EQ,22-Jun-15,2549.55,2547,2600,2547,2598.3,2591.5,2587.1,551001,1425494777,43692,317646,57.65
TCS,EQ,23-Jun-15,2591.5,2600,2608,2567.2,2585.9,2574.6,2582.03,449159,1159740004,30619,280403,62.43
TCS,EQ,24-Jun-15,2574.6,2580,2587.9,2558.85,2568.7,2570.3,2573.22,585123,1505651662,39464,331254,56.61
TCS,EQ,25-Jun-15,2570.3,2562,2573,2544.15,2552,2550,2553.8,965496,2465682193,36543,728243,75.43
TCS,EQ,26-Jun-15,2550,2550.2,2596.35,2550.2,2590.1,2592.8,2579.82,645051,1664112382,34240,356380,55.25
TCS,EQ,29-Jun-15,2592.8,2572,2604,2543.4,2599,2592.9,2569.67,686378,1763768235,35008,263984,38.46
TCS,EQ,30-Jun-15,2592.9,2585,2588.75,2540,2555,2550.95,2557.03,774976,1981634326,34960,468575,60.46
TCS,EQ,1-Jul-15,2550.95,2563.9,2608,2556.75,2600,2593.1,2584.41,639854,1653643740,50229,405105,63.31
TCS,EQ,2-Jul-15,2593.1,2600,2602.95,2571.05,2582,2577.75,2583.81,722940,1867939584,63066,441786,61.11
TCS,EQ,3-Jul-15,2577.75,2573.05,2610,2570,2603.1,2603.9,2595.18,481735,1250190068,34612,263852,54.77
TCS,EQ,6-Jul-15,2603.9,2580.3,2645,2580.3,2629.7,2633.3,2613.46,591169,1544998843,31304,280866,47.51
TCS,EQ,7-Jul-15,2633.3,2632.75,2646.9,2603,2623.9,2616.25,2627.79,821418,2158510413,51719,531468,64.7
TCS,EQ,8-Jul-15,2616.25,2597.95,2621.7,2580.5,2591.7,2595.1,2596.66,1333925,3463745329,85552,956051,71.67
TCS,EQ,9-Jul-15,2595.1,2595,2598.25,2506.65,2529.35,2522.5,2540.37,1967061,4997069437,142048,1156795,58.81
TCS,EQ,10-Jul-15,2522.5,2559,2559,2455,2467,2474.35,2489.45,4131827,10285990405,211247,2279427,55.17
TCS,EQ,13-Jul-15,2474.35,2475.4,2518.6,2475.4,2506.1,2509.55,2502.25,1140154,2852946095,53024,672149,58.95
TCS,EQ,14-Jul-15,2509.55,2511,2515,2490,2498.85,2499.5,2499.62,851637,2128767356,49611,583671,68.54
TCS,EQ,15-Jul-15,2499.5,2501,2549.95,2500,2548,2545.75,2534.53,1001830,2539169260,76369,665637,66.44
TCS,EQ,16-Jul-15,2545.75,2543.7,2558.85,2526.6,2534.9,2540.2,2543.54,728304,1852469301,58974,449458,61.71
TCS,EQ,17-Jul-15,2540.2,2546.8,2570.1,2543.3,2563.25,2564.4,2558.02,535263,1369212463,39534,299824,56.01
TCS,EQ,20-Jul-15,2564.4,2564,2583.9,2551.9,2579.95,2579.15,2571.54,426893,1097773968,38037,243186,56.97
TCS,EQ,21-Jul-15,2579.15,2576,2600.35,2555.1,2561.7,2561.4,2574.93,637250,1640874812,52304,399441,62.68
TCS,EQ,22-Jul-15,2561.4,2561,2569,2521.05,2530.9,2528.05,2532.4,660314,1672180248,44395,450257,68.19
TCS,EQ,23-Jul-15,2528.05,2517.5,2537.85,2483,2492.05,2488.6,2505.27,748390,1874916485,34659,491798,65.71
TCS,EQ,24-Jul-15,2488.6,2497.5,2516.5,2492.1,2507.1,2505.15,2506.09,787486,1973508445,38528,512154,65.04
TCS,EQ,27-Jul-15,2505.15,2488,2505,2481.15,2501.15,2497.05,2496.91,1001869,2501578424,65507,798854,79.74
TCS,EQ,28-Jul-15,2497.05,2499.5,2519,2492.15,2509.7,2502.05,2509.48,945594,2372947976,48484,759857,80.36
TCS,EQ,29-Jul-15,2502.05,2511,2515.05,2483.5,2515,2506.75,2501.68,1206659,3018671545,85826,966402,80.09
TCS,EQ,30-Jul-15,2506.75,2516.05,2516.8,2472.8,2472.8,2480.65,2490.3,1385287,3449782850,77684,1230247,88.81
TCS,EQ,31-Jul-15,2480.65,2489.9,2519,2487,2511.45,2510.75,2502.23,981888,2456907020,67496,675985,68.85
TCS,EQ,3-Aug-15,2510.75,2503.4,2525,2500.9,2508,2509.6,2514.14,589662,1482492015,50976,404877,68.66
TCS,EQ,4-Aug-15,2509.6,2510.4,2523,2486,2510,2508.9,2500.32,1171346,2928737114,82052,973725,83.13
TCS,EQ,5-Aug-15,2508.9,2520,2550,2511,2544.55,2547.15,2539.25,494497,1255652002,46758,339571,68.67
TCS,EQ,6-Aug-15,2547.15,2565,2583,2550.1,2569.3,2573.3,2566.25,1105683,2837460974,67097,888664,80.37
TCS,EQ,7-Aug-15,2573.3,2573,2573,2547,2559,2552.05,2558.6,594253,1520457968,51065,457333,76.96
TCS,EQ,10-Aug-15,2552.05,2572,2589,2556.6,2575,2572.1,2576.47,715591,1843701543,45499,563414,78.73
TCS,EQ,11-Aug-15,2572.1,2578,2610,2542.1,2600.8,2604.2,2595.57,1100153,2855526877,60746,777937,70.71
TCS,BL,12-Aug-15,1020,2604.2,2604.2,2604.2,2604.2,2604.2,2604.2,49865,129858433,1,0,0
TCS,EQ,12-Aug-15,2604.2,2603.1,2691.4,2602,2670,2671.7,2658.48,1739892,4625460143,116770,1317431,75.72
TCS,EQ,13-Aug-15,2671.7,2670,2684,2556,2638.35,2635.6,2652.19,703213,1865057138,47820,460590,65.5
TCS,EQ,14-Aug-15,2635.6,2638,2719.35,2637.1,2692.05,2703.2,2688.81,1146982,3084016067,82195,766818,66.86
TCS,EQ,17-Aug-15,2703.2,2690.1,2696.8,2655,2685.9,2684.75,2673.6,386822,1034207797,30502,206955,53.5
TCS,EQ,18-Aug-15,2684.75,2706.9,2749.9,2690,2745.95,2740.9,2736.66,958463,2622984633,100314,623865,65.09
TCS,EQ,19-Aug-15,2740.9,2750,2752.85,2721.9,2727,2733.6,2739.06,845035,2314600374,90389,588336,69.62
TCS,EQ,20-Aug-15,2733.6,2745,2745,2672,2686.5,2686.85,2702.74,1174649,3174771771,105196,842334,71.71
TCS,EQ,21-Aug-15,2686.85,2712,2729.9,2655.1,2671,2676.15,2684.3,1768040,4745943361,113746,1315006,74.38
TCS,EQ,24-Aug-15,2676.15,2639,2645,2569.1,2586,2578.65,2599.95,2346172,6099928318,98288,1766434,75.29
TCS,EQ,25-Aug-15,2578.65,2587.9,2622,2535.5,2564.8,2567.15,2574.64,1962900,5053751285,90437,1340952,68.31
TCS,EQ,26-Aug-15,2567.15,2558.05,2639,2511.95,2579.8,2576.75,2591.93,1608079,4168033295,92978,1139025,70.83
TCS,EQ,27-Aug-15,2576.75,2614.9,2614.9,2545.8,2567,2574.65,2572.91,2632399,6772916406,126702,2065390,78.46
TCS,EQ,28-Aug-15,2574.65,2609,2609,2557.7,2563.1,2570.85,2581.92,1372076,3542585119,102566,1063723,77.53
TCS,EQ,31-Aug-15,2570.85,2590,2590,2531.05,2575,2564.05,2566.03,1846022,4736944519,109961,1434044,77.68
TCS,EQ,1-Sep-15,2564.05,2556,2611.2,2530,2533.2,2537.4,2574.5,1493801,3845789531,96695,981661,65.72
TCS,EQ,2-Sep-15,2537.4,2559.7,2620.45,2548,2600,2591.8,2595.11,1882975,4886522945,114103,1263275,67.09
TCS,EQ,3-Sep-15,2591.8,2596.1,2615,2576.25,2606,2605.6,2594.76,1132537,2938659690,91703,745864,65.86
TCS,EQ,4-Sep-15,2605.6,2611.4,2614.9,2539.15,2544,2547.45,2568.96,1213198,3116651985,124154,800848,66.01
TCS,EQ,7-Sep-15,2547.45,2553,2559.95,2532.7,2539.6,2539.75,2546.5,879592,2239883160,73248,638480,72.59
TCS,EQ,8-Sep-15,2539.75,2545,2564.1,2523.5,2540.3,2540.3,2540.52,893873,2270899931,64944,616912,69.02
TCS,EQ,9-Sep-15,2540.3,2562.95,2574,2544,2551,2549.75,2558.04,1022538,2615692014,62654,625155,61.14
TCS,EQ,10-Sep-15,2549.75,2542,2578.5,2527,2550,2545.4,2553.83,1332909,3404019638,96715,916263,68.74
TCS,EQ,11-Sep-15,2545.4,2546.5,2568.4,2540.6,2549.8,2552,2553.59,796336,2033516638,60997,560414,70.37
TCS,EQ,14-Sep-15,2552,2565,2565,2543,2548,2551.65,2552.98,794659,2028750152,57713,577291,72.65
TCS,EQ,15-Sep-15,2551.65,2551.65,2558.9,2536,2537.25,2547.6,2548.86,689950,1758583962,64604,485074,70.31
TCS,EQ,16-Sep-15,2547.6,2555,2565,2541.05,2548,2550.35,2553.8,878408,2243276052,69451,634884,72.28
TCS,EQ,18-Sep-15,2550.35,2565,2586,2539,2545,2551.25,2565.18,1227647,3149141306,70579,870927,70.94
TCS,EQ,21-Sep-15,2551.25,2550,2557.1,2533.2,2555.65,2551.05,2545.78,554420,1411429757,59635,370607,66.85
TCS,EQ,22-Sep-15,2551.05,2557.5,2572.4,2490,2522.55,2526.8,2545.14,1040623,2648536284,72612,671655,64.54
TCS,EQ,23-Sep-15,2526.8,2534.3,2557.75,2512.6,2534.6,2532.65,2533.36,614176,1555931597,37626,345011,56.17
TCS,EQ,24-Sep-15,2532.65,2535.5,2590,2529.9,2579,2580.4,2561.8,1177127,3015562645,71506,824902,70.08
TCS,EQ,28-Sep-15,2580.4,2594,2619,2579.5,2600,2593.7,2603.35,1183406,3080820834,77392,894029,75.55
TCS,EQ,29-Sep-15,2593.7,2583.35,2634,2569.85,2592,2588.25,2603.73,1662976,4329946171,103754,1244496,74.84
TCS,EQ,30-Sep-15,2588.25,2643.7,2643.7,2570.95,2585,2588.05,2585.98,1684168,4355227068,81073,1273762,75.63
TCS,EQ,1-Oct-15,2588.05,2599,2649.95,2592.2,2641.1,2644.6,2630.47,1417204,3727914115,94874,1002629,70.75
TCS,EQ,5-Oct-15,2644.6,2652.7,2770,2652.7,2719.9,2711.65,2711.39,2403653,6517248343,146358,1616394,67.25
TCS,EQ,6-Oct-15,2711.65,2725,2726,2684,2686.2,2700,2704.9,1989795,5382189365,96553,1635016,82.17
TCS,EQ,7-Oct-15,2700,2693.95,2717,2646.95,2655,2653.95,2677.99,1032765,2765730773,102318,683381,66.17
TCS,EQ,8-Oct-15,2653.95,2670,2678.35,2620,2631.9,2633.8,2642.62,1178775,3115049441,102041,865714,73.44
TCS,EQ,9-Oct-15,2633.8,2650.5,2650.6,2608,2630,2629.65,2628.83,1124862,2957073345,68120,837088,74.42
TCS,EQ,12-Oct-15,2629.65,2655,2660.35,2587,2597.7,2592.6,2612.17,1227956,3207625454,84883,675044,54.97
TCS,EQ,13-Oct-15,2592.6,2602.8,2612,2567.6,2586.85,2598.55,2589.61,3089856,8001535878,129714,1303446,42.18
TCS,EQ,14-Oct-15,2598.55,2548,2548,2480,2480.9,2483.7,2502.59,4168564,10432220480,175646,2297432,55.11
TCS,EQ,15-Oct-15,2483.7,2490,2503.5,2465,2468.8,2467.75,2478.15,1607855,3984511867,107563,1101822,68.53
TCS,EQ,16-Oct-15,2467.75,2480.9,2492,2470,2472,2473.75,2477.86,1166914,2891451710,68190,791055,67.79
TCS,EQ,19-Oct-15,2473.75,2490,2494.95,2455.85,2493.95,2488.75,2473.9,1565321,3872449831,55224,1047364,66.91
TCS,EQ,20-Oct-15,2488.75,2496.25,2530,2495.6,2523.2,2526.75,2520.95,1347542,3397089855,60572,942992,69.98
TCS,EQ,21-Oct-15,2526.75,2535,2542,2522.25,2526,2530,2532.48,964844,2443449159,80004,691629,71.68
TCS,EQ,23-Oct-15,2530,2548,2548,2527.3,2536.95,2537.15,2534.65,1167699,2959713466,39962,862305,73.85
TCS,EQ,26-Oct-15,2537.15,2549,2549,2515.1,2540,2536.55,2530.16,707315,1789621755,58521,469883,66.43
TCS,EQ,27-Oct-15,2536.55,2530.05,2544.9,2520.35,2528.9,2531.1,2531.42,765210,1937067443,47064,541265,70.73
TCS,EQ,28-Oct-15,2531.1,2510.05,2533.55,2510.05,2528,2529.1,2524.11,627671,1584311788,43535,444506,70.82
TCS,EQ,29-Oct-15,2529.1,2533.55,2535.4,2490.05,2496,2495.35,2500.06,1565158,3912986456,61541,1065888,68.1
TCS,EQ,30-Oct-15,2495.35,2500,2511.9,2485,2500,2495.2,2495.93,758348,1892786967,41071,519557,68.51
TCS,EQ,2-Nov-15,2495.2,2500,2522.8,2487.55,2518,2517.35,2507.96,659647,1654368763,48056,480522,72.85
TCS,EQ,3-Nov-15,2517.35,2528,2547.8,2518.5,2538.85,2543.45,2536.88,682453,1731302985,39895,502388,73.62
TCS,EQ,4-Nov-15,2543.45,2545,2547.2,2520,2526.75,2533.8,2532.27,495717,1255289591,41282,284406,57.37
TCS,EQ,5-Nov-15,2533.8,2530.8,2534.95,2480,2485,2482.65,2496.94,798049,1992676741,38722,556372,69.72
TCS,EQ,6-Nov-15,2482.65,2492,2518.25,2483.45,2505.2,2505.75,2507.54,454012,1138452606,26028,298424,65.73
TCS,EQ,9-Nov-15,2505.75,2495,2502.75,2468.6,2474,2471.35,2477.88,1010778,2504589509,42927,819330,81.06
TCS,EQ,10-Nov-15,2471.35,2472.95,2477,2450,2455,2458.15,2463.3,680960,1677407796,53282,479205,70.37
TCS,EQ,11-Nov-15,2458.15,2475,2475,2450,2472,2468.8,2467.45,67582,166754977.6,5197,34003,50.31
TCS,EQ,13-Nov-15,2468.8,2438.05,2438.05,2386.55,2396,2397.4,2405.31,1371616,3299155303,77174,958618,69.89
TCS,EQ,16-Nov-15,2397.4,2390,2390,2356,2376,2374.6,2371.62,1021764,2423237597,67518,701532,68.66
TCS,EQ,17-Nov-15,2374.6,2380.5,2398.45,2375,2390,2390.55,2385.85,992514,2367989028,58593,755518,76.12
TCS,EQ,18-Nov-15,2390.55,2388.9,2388.9,2346,2349.65,2351.45,2358.29,760176,1792717016,43678,506662,66.65
TCS,EQ,19-Nov-15,2351.45,2365.35,2381.6,2352,2367,2362.55,2366.14,933453,2208680750,55764,632570,67.77
TCS,EQ,20-Nov-15,2362.55,2366.5,2423.55,2361.95,2394.5,2398.35,2403.22,1006063,2417790418,60130,575994,57.25
TCS,EQ,23-Nov-15,2398.35,2405.3,2413.4,2382.25,2389.3,2391.05,2397.62,544041,1304405392,42359,351815,64.67
TCS,EQ,24-Nov-15,2391.05,2380.05,2392.45,2365.5,2366,2367.95,2378.62,499320,1187694596,35776,342427,68.58
TCS,EQ,26-Nov-15,2367.95,2377.9,2382.4,2337.85,2346,2345.55,2355.52,1457646,3433508896,77452,969589,66.52
TCS,EQ,27-Nov-15,2345.55,2348,2359.45,2332.5,2354.95,2353.35,2348.7,868603,2040086164,62719,518858,59.73
TCS,EQ,30-Nov-15,2353.35,2365,2391.25,2350.15,2373.55,2364.7,2365.21,2050024,4848744782,85439,1102521,53.78
TCS,EQ,1-Dec-15,2364.7,2362.9,2378.05,2357.05,2359.75,2361.9,2363.85,860997,2035267110,51511,672976,78.16
TCS,EQ,2-Dec-15,2361.9,2378,2378.1,2346.5,2367,2365.2,2362.86,820148,1937896040,38694,580713,70.81
TCS,EQ,3-Dec-15,2365.2,2360,2373,2347,2350,2350.75,2356.59,1141679,2690467599,41715,765969,67.09
TCS,EQ,4-Dec-15,2350.75,2340,2347.3,2321.1,2330,2328.4,2330.08,623046,1451747348,32999,426970,68.53
TCS,EQ,7-Dec-15,2328.4,2332.2,2343.9,2315.25,2321,2319.8,2322.27,691302,1605390412,52150,487587,70.53
TCS,EQ,8-Dec-15,2319.8,2319.4,2349,2317.3,2326.25,2329,2332.95,569982,1329739196,47957,336913,59.11
TCS,EQ,9-Dec-15,2329,2337.9,2372.8,2320,2370,2367.65,2361.23,2641403,6236953830,59592,1365071,51.68
TCS,EQ,10-Dec-15,2367.65,2369,2391.2,2352,2380.95,2384.55,2374.82,861994,2047084267,52429,556996,64.62
TCS,EQ,11-Dec-15,2384.55,2383,2391.95,2363.25,2383.15,2386,2384.13,826189,1969745818,53651,598804,72.48
TCS,EQ,14-Dec-15,2386,2335.2,2387,2330.6,2375,2378.45,2364.84,1359266,3214443354,58637,758806,55.82
TCS,EQ,15-Dec-15,2378.45,2378.45,2385,2363.05,2379.5,2375.85,2375.03,567934,1348859151,52585,421587,74.23
TCS,EQ,16-Dec-15,2375.85,2384,2414.5,2384,2407.5,2408.4,2402.07,717967,1724609356,48074,494205,68.83
TCS,EQ,17-Dec-15,2408.4,2415,2445,2393.35,2434.1,2439.75,2418.57,809422,1957647078,46818,569320,70.34
TCS,EQ,18-Dec-15,2439.75,2420,2434.2,2400.65,2409.8,2416.8,2416.02,1512485,3654197886,47644,1052042,69.56
TCS,EQ,21-Dec-15,2416.8,2419.95,2450,2406.85,2443,2446.4,2428.4,805052,1954988970,41004,425890,52.9
TCS,EQ,22-Dec-15,2446.4,2440,2440,2400,2407,2405.05,2413.33,780429,1883430363,30995,476137,61.01
TCS,EQ,23-Dec-15,2405.05,2415,2435,2410.55,2418.8,2425.8,2425.06,424917,1030449351,31057,253475,59.65
TCS,EQ,24-Dec-15,2425.8,2421,2438.2,2404,2435,2434.25,2424.03,421580,1021924014,21932,188670,44.75
TCS,EQ,28-Dec-15,2434.25,2428,2466.4,2420.2,2456.95,2462.7,2455,1852099,4546895664,43390,1060100,57.24
TCS,EQ,29-Dec-15,2462.7,2458.35,2465.3,2445.75,2449.35,2455.8,2452.26,854262,2094875087,26975,433986,50.8
TCS,EQ,30-Dec-15,2455.8,2453.05,2459,2412.3,2421.7,2418.3,2442.06,802881,1960681997,49464,632180,78.74
TCS,EQ,31-Dec-15,2418.3,2415.75,2448.5,2407.5,2430,2436.85,2428.9,620159,1506302587,42600,400391,64.56
INFY,EQ,1-Jan-15,1972.55,1968.95,1982,1956.9,1971,1974.4,1971.34,500691,987030556.4,14908,258080,51.54
INFY,EQ,2-Jan-15,1974.4,1972,2019.05,1972,2017.95,2013.2,2003.25,1694580,3394668524,54166,1249104,73.71
INFY,EQ,5-Jan-15,2013.2,2009.9,2030,1977.5,1996,1995.9,2004.59,2484256,4979910938,82694,1830962,73.7
INFY,EQ,6-Jan-15,1995.9,1980,1985,1934.1,1965.1,1954.2,1954.82,2416829,4724458454,108209,1772070,73.32
INFY,EQ,7-Jan-15,1954.2,1965,1974.75,1950,1966.05,1963.55,1962.59,1812479,3557161837,62463,1317720,72.7
INFY,EQ,8-Jan-15,1963.55,1985.6,1997,1950,1979.25,1973.45,1972.78,3391230,6690160291,92752,2686012,79.2
INFY,EQ,9-Jan-15,1973.45,1980.1,2109,1913.05,2075.3,2074.45,2037.69,11215832,22854388870,359214,3369489,30.04
INFY,EQ,12-Jan-15,2074.45,2092,2119.2,2075,2112.95,2115.95,2099.4,3189722,6696515951,107209,1818800,57.02
INFY,EQ,13-Jan-15,2115.95,2107.8,2107.8,2075,2092,2088.9,2089.42,2200309,4597373807,66676,1385009,62.95
INFY,EQ,14-Jan-15,2088.9,2098.5,2133,2092.6,2129,2128.65,2110.88,2480315,5235637593,53263,1832958,73.9
INFY,EQ,15-Jan-15,2128.65,2135.2,2152.8,2112.25,2130,2134.25,2137.46,2085613,4457910971,48882,1410992,67.65
INFY,EQ,16-Jan-15,2134.25,2148,2160,2112,2115,2118.3,2125.77,1672740,3555858248,63848,1254004,74.97
INFY,EQ,19-Jan-15,2118.3,2120,2132.35,2094.6,2105,2102.5,2104.55,1021936,2150712821,62963,673948,65.95
INFY,EQ,20-Jan-15,2102.5,2107,2133,2101.45,2119.2,2124.2,2118.16,1701126,3603258362,66871,1284137,75.49
INFY,EQ,21-Jan-15,2124.2,2131.5,2175.95,2118,2172,2169.9,2148.41,2123727,4562627715,82679,1394125,65.65
INFY,EQ,22-Jan-15,2169.9,2174.8,2203,2161.3,2194.95,2196.45,2193.1,2489599,5459951318,82961,1879561,75.5
INFY,EQ,23-Jan-15,2196.45,2200,2225,2165.1,2211.9,2215.05,2194.58,2371582,5204623923,78929,1622130,68.4
INFY,EQ,27-Jan-15,2215.05,2221,2221,2130.1,2137.55,2136.5,2146.45,3434992,7373022314,117167,2765575,80.51
INFY,EQ,28-Jan-15,2136.5,2150,2154.8,2130.3,2144.45,2144.55,2144.31,3283589,7041041024,99134,2313485,70.46
INFY,EQ,29-Jan-15,2144.55,2145,2149.9,2127.6,2147.8,2145.5,2141.67,3842356,8229076404,79209,2797911,72.82
INFY,EQ,30-Jan-15,2145.5,2161.5,2162.55,2126.95,2141.85,2141.9,2144.44,2708436,5808066199,99180,2093132,77.28
INFY,EQ,2-Feb-15,2141.9,2141.5,2152,2126.05,2137,2136.85,2142.8,2175635,4661957849,47871,1641719,75.46
INFY,EQ,3-Feb-15,2136.85,2136.85,2139.95,2102,2124,2120.9,2117.92,1316489,2788217030,64490,821456,62.4
INFY,EQ,4-Feb-15,2120.9,2139.9,2150,2126.4,2143.8,2142.85,2142.92,1290004,2764378328,49317,889211,68.93
INFY,EQ,5-Feb-15,2142.85,2150.8,2220,2148,2186,2193.8,2189.61,2968984,6500911821,112707,2025011,68.21
INFY,EQ,6-Feb-15,2193.8,2205,2247.8,2188.5,2228,2230.5,2229.51,1863432,4154533923,79072,1073921,57.63
INFY,EQ,9-Feb-15,2230.5,2200,2254,2200,2245,2248.9,2238.75,1634217,3658597287,96994,1074815,65.77
INFY,EQ,10-Feb-15,2248.9,2243,2298,2241,2268,2278.3,2270.89,2129230,4835242360,84805,1385146,65.05
INFY,EQ,11-Feb-15,2278.3,2280.5,2293.2,2256.25,2287.8,2284.85,2279.82,1449243,3304009087,58510,962023,66.38
INFY,EQ,12-Feb-15,2284.85,2283,2321.95,2273,2309.9,2311.2,2301.63,1571884,3617897322,66827,995751,63.35
INFY,EQ,13-Feb-15,2311.2,2299.6,2326.7,2286,2294,2296.1,2303.89,1414379,3258571860,46058,952136,67.32
INFY,EQ,16-Feb-15,2296.1,2280.3,2306.9,2265.25,2282,2278.75,2282.89,1561069,3563751257,90275,1066397,68.31
INFY,EQ,18-Feb-15,2278.75,2290.55,2304.95,2258.15,2292.05,2296.5,2282.33,2153441,4914857083,64543,1705768,79.21
INFY,EQ,19-Feb-15,2296.5,2294,2334,2292.05,2323.2,2324.7,2322.17,2418406,5615938341,61974,1750981,72.4
INFY,EQ,20-Feb-15,2324.7,2328.5,2336,2276.9,2280.5,2283.1,2298.14,1742907,4005441311,70405,1271861,72.97
INFY,EQ,23-Feb-15,2283.1,2300,2309.2,2248.1,2265,2265.6,2285.41,1272622,2908460735,76169,871774,68.5
INFY,EQ,24-Feb-15,2265.6,2279,2295.95,2257.6,2270.2,2272.8,2281.14,1609419,3671313825,65245,999155,62.08
INFY,EQ,25-Feb-15,2272.8,2288.9,2334.8,2280,2314,2317.6,2316.82,1511243,3501281668,60669,913751,60.46
INFY,EQ,26-Feb-15,2317.6,2307.5,2309,2245.4,2259.65,2258.1,2271.59,1611444,3660544074,80377,993005,61.62
INFY,EQ,27-Feb-15,2258.1,2274.9,2280.65,2251.5,2268.7,2265.75,2268.66,1950269,4424491186,74540,1341127,68.77
INFY,EQ,28-Feb-15,2265.75,2274.75,2307.9,2256.2,2298,2296.45,2281.05,799334,1823319896,35786,305895,38.27
INFY,EQ,2-Mar-15,2296.45,2303,2308.5,2278.05,2287.5,2291.7,2290.03,1760248,4031020876,88257,1243988,70.67
INFY,EQ,3-Mar-15,2291.7,2290,2302.95,2278.3,2298,2297.85,2293.39,1226388,2812587067,63082,830415,67.71
INFY,EQ,4-Mar-15,2297.85,2300,2313.9,2251.9,2275,2274.65,2286.19,1093807,2500652736,54424,662741,60.59
INFY,EQ,5-Mar-15,2274.65,2267.05,2298.75,2233.35,2249,2247.6,2257.52,1421229,3208455383,52033,958567,67.45
INFY,EQ,9-Mar-15,2247.6,2259,2259,2179,2188,2190.05,2201.32,1996180,4394234758,88526,1390422,69.65
INFY,EQ,10-Mar-15,2190.05,2198.1,2206.95,2160.2,2200,2198,2197.19,1582479,3477001163,84918,1117333,70.61
INFY,EQ,11-Mar-15,2198,2194.1,2240,2169.1,2179.9,2182.2,2206.92,1695228,3741231837,78278,1042916,61.52
INFY,EQ,12-Mar-15,2182.2,2179,2226.45,2177,2215.05,2218.3,2209.4,1422141,3142073181,53839,984067,69.2
INFY,EQ,13-Mar-15,2218.3,2225,2230,2192.4,2220,2220.4,2213.76,1544921,3420086790,70363,1004099,64.99
INFY,EQ,16-Mar-15,2220.4,2210.55,2282,2210.55,2261,2266.65,2256.43,1704658,3846441862,72855,1183185,69.41
INFY,EQ,17-Mar-15,2266.65,2266.65,2279.5,2217.25,2245,2240.5,2244.71,1384828,3108540000,61599,821180,59.3
INFY,EQ,18-Mar-15,2240.5,2254.5,2262.85,2222.55,2233,2229.5,2238.36,1226391,2745099823,58126,802850,65.46
INFY,EQ,19-Mar-15,2229.5,2234.6,2249,2222.75,2230.65,2230.45,2231.73,1722935,3845130188,72890,1116497,64.8
INFY,EQ,20-Mar-15,2230.45,2241,2268.9,2232.95,2263.55,2257.45,2255.17,1607724,3625697619,61559,1119622,69.64
INFY,EQ,23-Mar-15,2257.45,2253,2275,2225.5,2236,2233.45,2244.84,1269675,2850217856,67428,881631,69.44
INFY,EQ,24-Mar-15,2233.45,2234.9,2253.4,2206,2215.2,2211.45,2224.27,1684133,3745965785,43962,1219937,72.44
INFY,EQ,25-Mar-15,2211.45,2222.9,2229.15,2200.75,2222.8,2219.1,2214.43,1542742,3416298157,105633,1101312,71.39
INFY,EQ,26-Mar-15,2219.1,2208,2214.9,2132,2163,2146.35,2156.88,3935210,8487760947,131427,2896200,73.6
INFY,EQ,27-Mar-15,2146.35,2164,2224.7,2163,2202,2202.15,2203.42,2518555,5549435088,72286,1560069,61.94
INFY,EQ,30-Mar-15,2202.15,2205.6,2240,2194.9,2239.85,2228,2217.09,1155772,2562453104,52162,767169,66.38
INFY,EQ,31-Mar-15,2228,2245,2273.65,2204.35,2215.1,2218.35,2222.1,2004103,4453315920,92432,1354814,67.6
INFY,EQ,1-Apr-15,2218.35,2198.9,2199.5,2157.7,2171,2173.95,2171.15,1684622,3657560037,90934,1187902,70.51
INFY,EQ,6-Apr-15,2173.95,2179,2184.7,2160.4,2179.95,2178.2,2171.24,1935438,4202294186,54198,1529651,79.03
INFY,EQ,7-Apr-15,2178.2,2175,2182.8,2138,2161,2159.5,2160.92,2135567,4614786256,71104,1610234,75.4
INFY,EQ,8-Apr-15,2159.5,2182.5,2204.9,2173.05,2200,2200.55,2191.4,2546394,5580179493,84366,2009389,78.91
INFY,EQ,9-Apr-15,2200.55,2211.4,2218.9,2184.4,2212,2215,2202.96,2645387,5827671747,65171,2202202,83.25
INFY,EQ,10-Apr-15,2215,2210.2,2238,2210.2,2228.75,2233.95,2229.87,1780944,3971279957,55733,1315996,73.89
INFY,EQ,13-Apr-15,2233.95,2238,2244,2216.1,2231,2238.8,2235.7,1218084,2723274134,44676,779253,63.97
INFY,EQ,15-Apr-15,2238.8,2236.5,2245,2195.05,2217.95,2213.7,2214.16,1559446,3452862597,58780,1065709,68.34
INFY,EQ,16-Apr-15,2213.7,2222,2231,2160.5,2196.9,2194.65,2183.51,2251953,4917164807,55664,1280673,56.87
INFY,EQ,17-Apr-15,2194.65,2180.05,2194.95,2153.45,2180,2179.25,2177.13,1612579,3510786628,38470,1140905,70.75
INFY,EQ,20-Apr-15,2179.25,2176,2180,2115.15,2129.5,2132.15,2130.87,3206346,6832298664,77890,2286819,71.32
INFY,EQ,21-Apr-15,2132.15,2148,2155.1,2120.1,2142.6,2142.6,2137.25,2220412,4745571561,55322,1508882,67.96
INFY,EQ,22-Apr-15,2142.6,2151.05,2155,2097.95,2137.95,2137.7,2125.66,3087746,6563482786,95691,2469267,79.97
INFY,EQ,23-Apr-15,2137.7,2148.7,2150,2112,2121.05,2122,2124.89,2972950,6317195719,96511,2173821,73.12
INFY,BL,24-Apr-15,2200,2136.1,2136.1,2136.1,2136.1,2136.1,2136.1,632000,1350015200,1,632000,100
INFY,EQ,24-Apr-15,2122,2135.9,2150.2,1980,1993,1995.2,2070.28,10891363,22548139448,317809,4101422,37.66
INFY,EQ,27-Apr-15,1995.2,2000,2002,1948.1,1984.85,1984.65,1972.71,4955660,9776101992,191419,3423734,69.09
INFY,EQ,28-Apr-15,1984.65,1982,1982,1952,1956.9,1960.9,1962.59,2598375,5099538669,105935,1951359,75.1
INFY,EQ,29-Apr-15,1960.9,1960.9,1972,1937.95,1963,1961.15,1954.65,2072264,4050550196,83132,1435649,69.28
INFY,EQ,30-Apr-15,1961.15,1960,1965,1932.3,1943.5,1942.25,1943.45,3283565,6381450710,97827,2471787,75.28
INFY,EQ,4-May-15,1942.25,1959.5,2000,1949.9,1992.25,1993.1,1970.92,3340398,6583671560,112574,2455960,73.52
INFY,EQ,5-May-15,1993.1,2000,2003.7,1952.05,1964.5,1962.75,1970.79,2352129,4635543851,133092,1723835,73.29
INFY,EQ,6-May-15,1962.75,1975,1975,1915.3,1924,1922.05,1931.49,2627102,5074233991,94364,1893805,72.09
INFY,EQ,7-May-15,1922.05,1922,1967.1,1910,1940,1944,1942.88,1694996,3293172516,68774,920685,54.32
INFY,EQ,8-May-15,1944,1958,1967.55,1945.25,1962.1,1957.95,1956.49,1444419,2825994395,60514,1039019,71.93
INFY,EQ,11-May-15,1957.95,1965,2000,1952.2,1995.95,1993.65,1980.94,1196378,2369955758,54180,780920,65.27
INFY,EQ,12-May-15,1993.65,1993.65,1994.6,1942,1946.9,1947.1,1954.77,2071223,4048763184,88184,1594221,76.97
INFY,EQ,13-May-15,1947.1,1951.75,1964.9,1928.5,1957.65,1956.7,1949.12,1774771,3459240022,55815,1134772,63.94
INFY,EQ,14-May-15,1956.7,1960,1960.8,1908,1935,1934.8,1929.44,1558461,3006959163,82817,1061424,68.11
INFY,EQ,15-May-15,1934.8,1935,1966.6,1932.3,1958.9,1961.75,1952.36,1297336,2532866454,78808,942026,72.61
INFY,EQ,18-May-15,1961.75,1970,1998.9,1961.6,1997,1993.05,1981.93,1617494,3205766129,72296,1302884,80.55
INFY,EQ,19-May-15,1993.05,1987.3,2035.7,1986,2022.2,2022.35,2016.44,2568019,5178250883,73141,1648122,64.18
INFY,EQ,20-May-15,2022.35,2040,2052,2033.6,2049.9,2047.3,2045.73,1470547,3008337279,63706,1097201,74.61
INFY,EQ,21-May-15,2047.3,2048.9,2061.9,2037.25,2048,2048.45,2046.72,2514828,5147155556,99082,2145570,85.32
INFY,EQ,22-May-15,2048.45,2044,2051.55,2030.1,2041.9,2046.45,2043.07,1722206,3518585689,78526,1238289,71.9
INFY,EQ,25-May-15,2046.45,2050.5,2056.55,2007.05,2021,2016.8,2029.47,1168952,2372348161,62183,816181,69.82
INFY,EQ,26-May-15,2016.8,2020,2031.45,2002.15,2006,2007.3,2015.66,991260,1998042102,37399,708879,71.51
INFY,EQ,27-May-15,2007.3,2007,2009,1955,1973,1968.5,1966.93,2113677,4157452380,114474,1609349,76.14
INFY,EQ,28-May-15,1968.5,1975.2,2032,1975.2,2000,2016.6,2000.26,2745135,5490996904,97941,2013171,73.34
INFY,EQ,29-May-15,2016.6,2004.85,2056.45,2001,2029.8,2023.15,2024.5,4748261,9612868995,121421,3809831,80.24
INFY,EQ,1-Jun-15,2023.15,2032.8,2064,2023.25,2042,2047.8,2048.1,1431223,2931284913,62717,1029588,71.94
INFY,EQ,2-Jun-15,2047.8,2048.1,2055.1,2005,2013,2008.65,2018.63,1168285,2358331816,67384,793960,67.96
INFY,EQ,3-Jun-15,2008.65,2018.2,2039.45,2008,2032,2020.9,2019.78,1373949,2775067935,50402,824814,60.03
INFY,EQ,4-Jun-15,2020.9,2030,2055,2012.6,2028.1,2028.05,2036.59,1872366,3813250263,98562,1395596,74.54
INFY,EQ,5-Jun-15,2028.05,2030,2044,2008.15,2011.5,2011.65,2020.89,1531447,3094883382,61438,1014160,66.22
INFY,EQ,8-Jun-15,2011.65,2020,2024.65,1987,2002,2000.05,2000.16,1535262,3070769017,59889,1161814,75.68
INFY,EQ,9-Jun-15,2000.05,2003.75,2007.65,1983,1990.55,1992.1,1992.62,1890435,3766911108,81812,1549457,81.96
INFY,EQ,10-Jun-15,1992.1,1990,2039.35,1985,2027,2026.5,2012.03,1596460,3212123214,76174,1040342,65.17
INFY,EQ,11-Jun-15,2026.5,2035.95,2044.75,1995.05,2000,1997.65,2010.91,2307366,4639906733,69953,1541863,66.82
INFY,EQ,12-Jun-15,1997.65,2005,2025.55,1955.5,1978.05,1975.05,1991.32,2463231,4905085618,104931,1463562,59.42
INFY,EQ,15-Jun-15,1975.05,976.95,998.8,968,994,990.45,990.17,2618213,2592486854,84843,1444754,55.18
INFY,EQ,16-Jun-15,990.45,994.35,1003,985,998,999.35,995.31,2611722,2599482811,75473,1962337,75.14
INFY,EQ,17-Jun-15,999.35,1011,1021,992.2,997.2,995.7,1002.05,3206034,3212615218,73928,1703033,53.12
INFY,EQ,18-Jun-15,995.7,1005.6,1007.95,995.8,1000.05,1001.95,1001.7,1737213,1740163420,40621,1143722,65.84
INFY,EQ,19-Jun-15,1001.95,1010.3,1010.4,993.1,997,995.35,998.9,3335229,3331553919,97129,2599496,77.94
INFY,EQ,22-Jun-15,995.35,1004.9,1028.75,997,1022.7,1023.85,1011.41,2855434,2888003447,133708,1721657,60.29
INFY,EQ,23-Jun-15,1023.85,1025,1027.4,998.15,1001.45,1000.4,1004.3,3476058,3490994517,119559,2467215,70.98
INFY,EQ,24-Jun-15,1000.4,1015,1015,991.2,995.1,995.1,1002,3536847,3543930987,74881,2630595,74.38
INFY,EQ,25-Jun-15,995.1,999.2,1003.5,987.65,993.35,990.45,993.86,3558733,3536892263,75358,2394368,67.28
INFY,EQ,26-Jun-15,990.45,999,1011.6,998.1,1005.9,1005.25,1005.91,2660142,2675854600,63866,1712608,64.38
INFY,EQ,29-Jun-15,1005.25,987,999.5,982.5,990.4,990.15,989.98,2845334,2816829754,76492,2125823,74.71
INFY,EQ,30-Jun-15,990.15,990,993.45,980,987.5,984.35,986.73,3106265,3065047324,71225,2281573,73.45
INFY,EQ,1-Jul-15,984.35,989,1005,986,998.95,997.4,995.12,3440426,3423647679,80010,2461395,71.54
INFY,EQ,2-Jul-15,997.4,999,1001.4,985.05,988.5,988,989.52,2003784,1982777631,78544,1336220,66.68
INFY,EQ,3-Jul-15,988,988,993,982,990.4,990.3,989.7,1347653,1333778443,35728,855211,63.46
INFY,EQ,6-Jul-15,990.3,985,988,975,981.75,983.3,981.33,2152801,2112607723,60404,1475832,68.55
INFY,EQ,7-Jul-15,983.3,985,990,979,981,980.5,985,1748709,1722475961,58985,1256080,71.83
INFY,EQ,8-Jul-15,980.5,979,979,954.8,957.45,957.5,962.49,3512089,3380333779,109474,2565864,73.06
INFY,EQ,9-Jul-15,957.5,957.5,966,934.05,940.25,938,942.64,4293886,4047609151,138299,2935843,68.37
INFY,EQ,10-Jul-15,938,948.1,952.1,932.65,935.5,937.5,941.18,3705761,3487806639,134681,2959698,79.87
INFY,EQ,13-Jul-15,937.5,941,955,934.05,950.6,950.15,945.97,3265884,3089416555,84133,2399679,73.48
INFY,EQ,14-Jul-15,950.15,955,973.5,945.5,970,971.25,961.36,2683537,2579856182,76138,1776741,66.21
INFY,EQ,15-Jul-15,971.25,970,985.95,968,984.45,984,980.66,2064783,2024840507,74801,1311520,63.52
INFY,EQ,16-Jul-15,984,987.7,991.5,979.5,990,989.05,987.36,1736469,1714517983,52615,995275,57.32
INFY,EQ,17-Jul-15,989.05,991,1004.5,989.1,999.75,1001.85,997.46,1723989,1719615242,59447,1003912,58.23
INFY,EQ,20-Jul-15,1001.85,1001.4,1010.8,987.4,997,1001.25,998.95,2188590,2186285827,74145,1054982,48.2
INFY,EQ,21-Jul-15,1001.25,1035,1149,1035,1116.35,1112.65,1099.62,19155056,21063364548,408583,9575992,49.99
INFY,EQ,22-Jul-15,1112.65,1105,1112,1076.65,1100,1103.15,1100.68,6332830,6970413691,221999,3840750,60.65
INFY,EQ,23-Jul-15,1103.15,1103.95,1117,1090,1094.45,1098,1106.23,3855374,4264915293,166660,2123663,55.08
INFY,EQ,24-Jul-15,1098,1095.55,1106.45,1083.1,1088,1087.6,1090.71,2240151,2443351940,100221,1424342,63.58
INFY,EQ,27-Jul-15,1087.6,1086.9,1087.95,1060.45,1065,1065.3,1073.34,3376122,3623721353,175039,2443586,72.38
INFY,EQ,28-Jul-15,1065.3,1068.5,1076,1054.25,1066.1,1062.85,1066.58,4238301,4520496075,150481,2952854,69.67
INFY,EQ,29-Jul-15,1062.85,1074,1092,1065,1086,1085.4,1082.68,3535667,3828008081,82510,2422852,68.53
INFY,EQ,30-Jul-15,1085.4,1090,1090,1058,1073.85,1070,1077.44,5978299,6441243728,122143,4349077,72.75
INFY,EQ,31-Jul-15,1070,1078.55,1081.35,1060,1078.5,1077.05,1071.55,3965506,4249228755,108976,2869410,72.36
INFY,EQ,3-Aug-15,1077.05,1078,1092,1068.95,1075,1078.95,1078.29,3980506,4292139083,85130,3021847,75.92
INFY,EQ,4-Aug-15,1078.95,1078,1078.95,1051,1058.55,1057.25,1061.33,4549527,4828549680,139666,3264905,71.76
INFY,EQ,5-Aug-15,1057.25,1062,1090,1061.95,1086.65,1086.35,1080.81,2376738,2568814074,70472,1514838,63.74
INFY,EQ,6-Aug-15,1086.35,1094,1105.5,1077,1088,1086.95,1089.08,3619126,3941508986,94093,2240358,61.9
INFY,EQ,7-Aug-15,1086.95,1079.5,1101,1078.5,1096.5,1095.6,1095.84,2494029,2733064426,99571,1729315,69.34
INFY,EQ,10-Aug-15,1095.6,1098,1106.35,1067,1091,1086,1094.07,1996377,2184169819,55130,1297347,64.99
INFY,EQ,11-Aug-15,1086,1098.8,1116.9,1095.7,1115,1109.15,1105.55,3787203,4186948059,122276,2697765,71.23
INFY,EQ,12-Aug-15,1109.15,1115,1149,1111,1141,1144.4,1137.15,5084220,5781511942,186856,3807473,74.89
INFY,EQ,13-Aug-15,1144.4,1147,1166.85,1055.55,1155.35,1158,1155.49,4893980,5654928106,128074,3469113,70.89
INFY,EQ,14-Aug-15,1158,1165,1168.7,1143.1,1148.45,1149.25,1157.9,2554533,2957892577,87830,1592415,62.34
INFY,EQ,17-Aug-15,1149.25,1150,1153.45,1122.5,1141.1,1142.15,1136.37,1553718,1765591232,50967,678282,43.66
INFY,EQ,18-Aug-15,1142.15,1150,1177.7,1150,1162.5,1164.35,1167.25,2075223,2422304913,103875,918470,44.26
INFY,EQ,19-Aug-15,1164.35,1170,1186.2,1162.8,1174.95,1175.55,1176.36,3434759,4040513416,92901,2353219,68.51
INFY,EQ,20-Aug-15,1175.55,1159,1168.5,1128,1140.9,1134.55,1140.09,4184557,4770761082,100655,2703228,64.6
INFY,EQ,21-Aug-15,1134.55,1140.9,1160.95,1117.5,1143.9,1149.9,1145.35,5411071,6197560617,118867,3331403,61.57
INFY,EQ,24-Aug-15,1149.9,1109.95,1123,1078.6,1088.8,1092.05,1107.29,7061342,7818945727,161508,4761350,67.43
INFY,EQ,25-Aug-15,1092.05,1100,1119,1044.5,1088,1085.65,1085.15,6867539,7452313810,153510,4834585,70.4
INFY,EQ,26-Aug-15,1085.65,1089.8,1097,1059,1066.25,1064.6,1077.22,5749106,6193033242,116990,4076370,70.9
INFY,EQ,27-Aug-15,1064.6,1088,1100.1,1078.05,1084,1082.8,1085.94,7671696,8330972041,139887,5605100,73.06
INFY,EQ,28-Aug-15,1082.8,1101.6,1124.9,1101.6,1114.4,1111.05,1114.78,3604410,4018120272,92660,2090906,58.01
INFY,EQ,31-Aug-15,1111.05,1134.85,1134.85,1082.5,1097.3,1094.4,1098.12,4958532,5445048323,112811,3332453,67.21
INFY,EQ,1-Sep-15,1094.4,1090,1114.6,1082,1086.95,1089,1099.86,4535775,4988709110,144963,3052400,67.3
INFY,EQ,2-Sep-15,1089,1098,1115,1090,1102,1099.45,1102.46,5585915,6158267847,127845,3245263,58.1
INFY,EQ,3-Sep-15,1099.45,1110.15,1112,1092.5,1100.3,1099.35,1100.92,4295268,4728764107,77626,3197225,74.44
INFY,EQ,4-Sep-15,1099.35,1103,1111,1067,1074.9,1073.95,1079.25,3659444,3949456565,100163,2171981,59.35
INFY,EQ,7-Sep-15,1073.95,1084.95,1085,1055,1058.2,1058.75,1065.12,2590494,2759194352,81606,1495175,57.72
INFY,EQ,8-Sep-15,1058.75,1062,1074,1052.3,1062.6,1058.8,1063.17,2729748,2902178636,78414,1742021,63.82
INFY,EQ,9-Sep-15,1058.8,1087.1,1099.6,1072,1087.5,1088.7,1088.69,4574332,4980040937,116781,2880608,62.97
INFY,EQ,10-Sep-15,1088.7,1084.9,1091.5,1061,1080,1080.45,1079.95,4181502,4515821660,113306,2688024,64.28
INFY,EQ,11-Sep-15,1080.45,1091.55,1106.4,1085.5,1091.9,1090.75,1095.18,4941905,5412265896,106420,3503104,70.89
INFY,EQ,14-Sep-15,1090.75,1099,1104,1082.65,1100,1099.75,1095.4,3278538,3591310758,68749,2338742,71.33
INFY,EQ,15-Sep-15,1099.75,1099.4,1103.2,1088.15,1098,1099.2,1098.21,2645943,2905803864,76986,1691768,63.94
INFY,EQ,16-Sep-15,1099.2,1108,1109.75,1098.3,1101,1101.65,1102.88,3739120,4123798313,75566,2778140,74.3
INFY,EQ,18-Sep-15,1101.65,1111.8,1117.9,1099.05,1101.3,1104.45,1109.16,5788438,6420302313,99715,4400002,76.01
INFY,EQ,21-Sep-15,1104.45,1100,1108.85,1092.5,1103.95,1104.65,1102.63,2175617,2398899362,58851,1416700,65.12
INFY,EQ,22-Sep-15,1104.65,1115,1135.95,1101.1,1104.4,1107.45,1123.16,4813493,5406315826,125741,3149589,65.43
INFY,EQ,23-Sep-15,1107.45,1107.45,1126.35,1097.45,1117,1116.25,1113.63,2379127,2649467639,57336,1230658,51.73
INFY,EQ,24-Sep-15,1116.25,1113.5,1152.7,1110,1141.25,1140.55,1138.27,6699631,7626005048,172169,4696664,70.1
INFY,EQ,28-Sep-15,1140.55,1139.95,1142.85,1101,1106.2,1105.55,1114.37,4894232,5453974745,125955,3334033,68.12
INFY,EQ,29-Sep-15,1105.55,1102,1133.4,1097.5,1117,1121.85,1119.84,4349685,4870966739,101045,2368692,54.46
INFY,EQ,30-Sep-15,1121.85,1134.4,1168.95,1125.95,1157,1161.95,1151.23,4747846,5465842643,111323,3106382,65.43
INFY,EQ,1-Oct-15,1161.95,1169.9,1197.75,1160,1173.05,1173.05,1179.45,5432197,6406992205,141361,3243441,59.71
INFY,EQ,5-Oct-15,1173.05,1173,1189.35,1162,1181.1,1181.75,1176.75,3440880,4049050302,124032,2048583,59.54
INFY,EQ,6-Oct-15,1181.75,1187.05,1192.55,1148.1,1157,1154.6,1160.82,4355940,5056464091,159201,2862268,65.71
INFY,EQ,7-Oct-15,1154.6,1156,1168.75,1128.45,1139,1133.2,1147.22,4591244,5267146098,140151,3368903,73.38
INFY,EQ,8-Oct-15,1133.2,1136.4,1149.6,1126.05,1132.7,1132.15,1136.18,4540437,5158746113,166680,3316675,73.05
INFY,EQ,9-Oct-15,1132.15,1136,1172.9,1136,1170.9,1167.4,1154.34,5891069,6800309814,172120,3660285,62.13
INFY,EQ,12-Oct-15,1167.4,1199,1219.8,1109,1122.9,1122.9,1145.31,15202485,17411498956,347437,5258181,34.59
INFY,EQ,13-Oct-15,1122.9,1107.45,1111,1085.2,1098.1,1099.4,1097.14,7663431,8407859526,286593,4019557,52.45
INFY,EQ,14-Oct-15,1099.4,1091.45,1115.55,1087.2,1096,1097.6,1104.2,4432755,4894629064,158291,2478570,55.91
INFY,EQ,15-Oct-15,1097.6,1099.9,1104.35,1089.1,1096.9,1097.35,1096.26,4127833,4525182630,184169,2599954,62.99
INFY,EQ,16-Oct-15,1097.35,1099,1101.4,1090,1093,1094.9,1094.85,3209496,3513919100,74364,1874068,58.39
INFY,EQ,19-Oct-15,1094.9,1102,1116,1100.5,1114.7,1111.95,1109.22,3673747,4074985829,128555,2537719,69.08
INFY,EQ,20-Oct-15,1111.95,1113,1130,1110.6,1126.3,1125.95,1121.86,4394155,4929630466,101555,3233998,73.6
INFY,EQ,21-Oct-15,1125.95,1125,1146.85,1125,1137.5,1138.4,1137.86,3639049,4140724665,89639,2309832,63.47
INFY,EQ,23-Oct-15,1138.4,1141.8,1153,1125.1,1149,1149.9,1141.35,3016681,3443080808,117698,1806303,59.88
INFY,EQ,26-Oct-15,1149.9,1154,1158.5,1143.15,1150,1152.15,1150.88,1597971,1839079238,82222,801160,50.14
INFY,EQ,27-Oct-15,1152.15,1150,1155,1144.1,1147.35,1149.4,1149.74,2631874,3025971573,79833,1878077,71.36
INFY,EQ,28-Oct-15,1149.4,1144.5,1158,1139,1155.1,1153.2,1147.14,2627736,3014378474,95707,1841598,70.08
INFY,EQ,29-Oct-15,1153.2,1153.1,1155.9,1136.05,1142.25,1145.05,1143.62,2943662,3366420196,74479,2045021,69.47
INFY,EQ,30-Oct-15,1145.05,1145,1145,1130,1132,1135.45,1135.02,2022338,2295389842,57656,1151943,56.96
INFY,EQ,2-Nov-15,1135.45,1130,1135.8,1114.1,1133.75,1131.2,1123.76,1772494,1991855083,44108,806329,45.49
INFY,EQ,3-Nov-15,1131.2,1133.4,1150.45,1133.4,1140.15,1145.5,1144,1807341,2067599136,47225,962391,53.25
INFY,EQ,4-Nov-15,1145.5,1150.1,1157.6,1132.3,1137.05,1136.8,1142.83,1602786,1831716977,60740,917154,57.22
INFY,EQ,5-Nov-15,1136.8,1142.95,1145,1119.4,1120.4,1122.9,1133.3,1172653,1328964252,33057,545046,46.48
INFY,EQ,6-Nov-15,1122.9,1123,1143.9,1122.9,1140.2,1138.3,1137.85,1513086,1721665529,43442,893260,59.04
INFY,EQ,9-Nov-15,1138.3,1120,1140,1115.2,1138.15,1134.6,1127.68,3062838,3453897091,73732,2080780,67.94
INFY,EQ,10-Nov-15,1134.6,1127.5,1127.5,1100.1,1106,1103.85,1114.22,2340026,2607306463,56153,1618684,69.17
INFY,EQ,11-Nov-15,1103.85,1118,1118,1103,1109.3,1107.6,1109.42,353652,392348102,13196,166222,47
INFY,EQ,13-Nov-15,1107.6,1099.95,1106,1090,1097,1100.8,1097.45,1760434,1931991868,86653,1134912,64.47
INFY,EQ,16-Nov-15,1100.8,1083.65,1094,1067.2,1088,1080.2,1081.23,3404167,3680672584,84079,2089950,61.39
INFY,EQ,17-Nov-15,1080.2,1080,1082.9,1052,1058.6,1061.5,1061.53,3592053,3813081588,130125,2136025,59.47
INFY,EQ,18-Nov-15,1061.5,1041,1045.15,1011.25,1020.45,1020,1027.76,5062626,5203187274,163352,2860889,56.51
INFY,EQ,19-Nov-15,1020,1030.25,1052,1023.8,1048,1047.8,1038.56,4269811,4434439167,169433,2638720,61.8
INFY,EQ,20-Nov-15,1047.8,1048,1063.2,1042.05,1051,1052.4,1053.83,3041489,3205219968,151348,1851747,60.88
INFY,EQ,23-Nov-15,1052.4,1050,1062.4,1038,1052,1053.7,1053.76,2808175,2959155997,90521,1799534,64.08
INFY,EQ,24-Nov-15,1053.7,1050,1050.8,1037,1040.7,1041.15,1043.4,2162901,2256779096,58310,1249010,57.75
INFY,EQ,26-Nov-15,1041.15,1040.95,1059.5,1040.05,1050,1052.4,1051.79,4926984,5182136976,114757,3656974,74.22
INFY,EQ,27-Nov-15,1052.4,1058,1070,1045,1066,1066.35,1060.99,2571239,2728062596,69214,1799884,70
INFY,EQ,30-Nov-15,1066.35,1070,1098.3,1056.2,1083.05,1087.9,1083.44,9052767,9808155224,108763,5565189,61.48
INFY,EQ,1-Dec-15,1087.9,1088,1095,1072.95,1075.45,1079,1082.42,2949275,3192356940,76585,1982960,67.24
INFY,EQ,2-Dec-15,1079,1079.95,1079.95,1059,1061.1,1060.7,1064.12,3198808,3403928891,90123,2139233,66.88
INFY,EQ,3-Dec-15,1060.7,1061,1064.8,1049.05,1059,1057.75,1056.77,2752363,2908624058,110543,1838358,66.79
INFY,EQ,4-Dec-15,1057.75,1049,1064.9,1040.1,1048.85,1049.05,1047.32,4187765,4385928455,209805,3031773,72.4
INFY,EQ,7-Dec-15,1049.05,1055.3,1059,1040,1046,1046.25,1048.08,2256935,2365448287,65005,1441112,63.85
INFY,EQ,8-Dec-15,1046.25,1045.05,1062.75,1039.3,1042,1044.4,1051.88,2862186,3010683590,87394,1790175,62.55
INFY,EQ,9-Dec-15,1044.4,1043,1046.95,1022.55,1024,1028.2,1036.19,3409127,3532487392,85433,2068578,60.68
INFY,EQ,10-Dec-15,1028.2,1036.6,1051.6,1030.3,1049.9,1047.35,1040.47,2793873,2906945254,80028,1838589,65.81
INFY,EQ,11-Dec-15,1047.35,1054,1061.9,1045.9,1055.65,1052.8,1052.88,2695099,2837606869,84930,1623053,60.22
INFY,EQ,14-Dec-15,1052.8,1049.5,1073.15,1048.05,1067.5,1069.5,1066.3,2408336,2568018429,104978,1419333,58.93
INFY,EQ,15-Dec-15,1069.5,1073.25,1079.1,1058.8,1078.5,1077.55,1071.44,2715904,2909926024,76821,1951187,71.84
INFY,EQ,16-Dec-15,1077.55,1083.4,1098,1083.4,1094,1095.85,1092.86,2747926,3003094116,66894,1988090,72.35
INFY,EQ,17-Dec-15,1095.85,1100,1109.8,1088,1105.5,1107.1,1099.83,2479391,2726907089,87599,1294917,52.23
INFY,EQ,18-Dec-15,1107.1,1103.4,1103.4,1079.45,1085.95,1083.15,1086.91,3609910,3923650703,65866,2604590,72.15
INFY,EQ,21-Dec-15,1083.15,1077,1107.4,1065.95,1107,1103.45,1095.68,2165506,2372706848,61692,1223571,56.5
INFY,EQ,22-Dec-15,1103.45,1097.45,1097.45,1080.1,1085,1083.75,1085.81,2054627,2230938914,51963,1204818,58.64
INFY,EQ,23-Dec-15,1083.75,1095.05,1102.5,1087.05,1100,1100.85,1097.35,1435464,1575200228,38571,861318,60
INFY,EQ,24-Dec-15,1100.85,1102.05,1104.45,1090.1,1095.8,1096.35,1095.84,615027,673969561.2,20528,294731,47.92
INFY,EQ,28-Dec-15,1096.35,1090,1110,1090,1103.8,1104.75,1105.51,2763476,3055046035,51103,1880078,68.03
INFY,EQ,29-Dec-15,1104.75,1101.25,1110,1097.3,1103,1104.7,1104.14,1672531,1846706112,52409,967577,57.85
INFY,EQ,30-Dec-15,1104.7,1101.1,1106.6,1083,1088,1086.3,1094.45,2576985,2820380076,65379,1754378,68.08
INFY,EQ,31-Dec-15,1086.3,1090.15,1109.95,1087,1107,1105.4,1102.09,3971969,4377467436,75143,2641827,66.51
